gene,length,count,rate,percentage
VHLL,684,8,85.5,0
TP53,2653,24,110.54166666666667,0.08635578583765112
CELA1,953,8,119.125,0.17271157167530224
PSMC4,1754,14,125.28571428571429,0.2590673575129534
AURKB,1254,10,125.4,0.3454231433506045
ADCK5,2027,16,126.6875,0.4317789291882556
HIPK4,2446,19,128.73684210526315,0.5181347150259068
FES,2737,18,152.05555555555554,0.6044905008635579
ARAF,2378,15,158.53333333333333,0.690846286701209
ZYX,2228,14,159.14285714285714,0.7772020725388601
VPS16,2708,17,159.2941176470588,0.8635578583765112
MUC1,1811,11,164.63636363636363,0.9499136442141624
CHRM1,2646,16,165.375,1.0362694300518136
EIF4EBP1,827,5,165.4,1.1226252158894647
SDHB,1015,6,169.16666666666666,1.2089810017271159
ADCK2,2574,15,171.6,1.2953367875647668
WNT5B,2238,13,172.15384615384616,1.381692573402418
DAPK3,2286,13,175.84615384615384,1.468048359240069
CCNE1,1954,11,177.63636363636363,1.5544041450777202
PKN1,3518,19,185.1578947368421,1.6407599309153715
CASP5,1488,8,186,1.7271157167530224
XRCC1,2052,11,186.54545454545453,1.8134715025906734
MAD1L1,2991,16,186.9375,1.8998272884283247
CDT1,2664,14,190.28571428571428,1.9861830742659756
PKMYT1,2308,12,192.33333333333334,2.072538860103627
BRSK1,3277,17,192.76470588235293,2.158894645941278
MAP4K1,2700,14,192.85714285714286,2.2452504317789295
FGFR4,3093,16,193.3125,2.33160621761658
TIE1,3893,20,194.65,2.4179620034542317
MMP9,2336,12,194.66666666666666,2.5043177892918824
FZD9,2343,12,195.25,2.5906735751295336
CCNA1,1758,9,195.33333333333334,2.6770293609671847
CD248,2551,13,196.23076923076923,2.763385146804836
PRKCG,3149,16,196.8125,2.849740932642487
SCNN1B,2560,13,196.92307692307693,2.936096718480138
PARP2,1980,10,198,3.0224525043177892
WNT3A,2996,15,199.73333333333332,3.1088082901554404
HDAC10,2607,13,200.53846153846155,3.1951640759930915
FASTK,3011,15,200.73333333333332,3.281519861830743
HDAC1,2409,12,200.75,3.3678756476683938
DUSP1,2013,10,201.3,3.454231433506045
MAST1,4853,24,202.20833333333334,3.540587219343696
TWIST1,1630,8,203.75,3.6269430051813467
CER1,1231,6,205.16666666666666,3.7132987910189987
DVL1,3305,16,206.5625,3.7996545768566494
ATIC,2275,11,206.8181818181818,3.8860103626943006
PPA2,1665,8,208.125,3.9723661485319512
ERN2,3337,16,208.5625,4.058721934369603
GSX2,1673,8,209.125,4.145077720207254
TRIM28,3364,16,210.25,4.231433506044905
CDKN2A,1052,5,210.4,4.317789291882556
RHO,2768,13,212.92307692307693,4.404145077720207
FADD,1708,8,213.5,4.490500863557859
BMP4,1931,9,214.55555555555554,4.576856649395509
GRK4,2372,11,215.63636363636363,4.66321243523316
PTPN6,2412,11,219.27272727272728,4.7495682210708114
SGK2,2413,11,219.36363636363637,4.8359240069084635
HMG20B,2434,11,221.27272727272728,4.922279792746114
BLK,2215,10,221.5,5.008635578583765
CASP1,1996,9,221.77777777777777,5.094991364421416
EGR1,3137,14,224.07142857142858,5.181347150259067
TAOK2,4937,22,224.4090909090909,5.267702936096718
MVP,2925,13,225,5.354058721934369
NEK11,2926,13,225.07692307692307,5.4404145077720205
RXRG,2252,10,225.2,5.526770293609672
PARK7,1127,5,225.4,5.613126079447324
STAT5A,4301,19,226.3684210526316,5.699481865284974
LGR6,3649,16,228.0625,5.785837651122625
SCEL,3194,14,228.14285714285714,5.872193436960276
BMP1,4351,19,229,5.958549222797927
RAET1G,1150,5,230,6.0449050086355784
CDC45,2072,9,230.22222222222223,6.13126079447323
TAF1L,6216,27,230.22222222222223,6.13126079447323
BTK,2767,12,230.58333333333334,6.303972366148532
BAD,1157,5,231.4,6.390328151986183
BCKDK,2558,11,232.54545454545453,6.476683937823833
PLK2,2792,12,232.66666666666666,6.563039723661486
MATK,2098,9,233.11111111111111,6.649395509499137
RASA3,4203,18,233.5,6.7357512953367875
ZAP70,3273,14,233.78571428571428,6.822107081174439
MAP3K10,3754,16,234.625,6.90846286701209
MLST8,2116,9,235.11111111111111,6.994818652849741
RIPK4,4016,17,236.23529411764707,7.081174438687392
MAPRE3,1890,8,236.25,7.167530224525043
CDC25C,2137,9,237.44444444444446,7.253886010362693
IFT88,3091,13,237.76923076923077,7.340241796200346
KISS1,714,3,238,7.4265975820379975
CDK10,3344,14,238.85714285714286,7.512953367875648
AMHR2,2162,9,240.22222222222223,7.599309153713299
CSNK1G2,2895,12,241.25,7.68566493955095
IDUA,2186,9,242.88888888888889,7.772020725388601
STK36,4873,20,243.65,7.858376511226252
TICAM1,2684,11,244,7.9447322970639025
PIM1,2703,11,245.72727272727272,8.031088082901555
PASK,5174,21,246.38095238095238,8.117443868739207
WNK4,4199,17,247,8.203799654576857
PHKG1,2226,9,247.33333333333334,8.290155440414509
CAMP,745,3,248.33333333333334,8.376511226252159
CAPG,1250,5,250,8.46286701208981
UQCRC2,2008,8,251,8.549222797927461
SRM,1260,5,252,8.635578583765112
INPPL1,4789,19,252.05263157894737,8.721934369602764
MKNK2,4093,16,255.8125,8.808290155440414
PARD6A,1281,5,256.2,8.894645941278066
NOS3,4366,17,256.8235294117647,8.981001727115718
MCM7,3084,12,257,9.067357512953368
PRKCD,2833,11,257.54545454545456,9.153713298791018
SDCBP2,1550,6,258.3333333333333,9.24006908462867
LRP5,5177,20,258.85,9.32642487046632
BMX,2598,10,259.8,9.412780656303973
IRF3,2874,11,261.27272727272725,9.499136442141623
TRIB3,2356,9,261.77777777777777,9.585492227979273
STK32C,2096,8,262,9.671848013816927
PTK2B,4719,18,262.1666666666667,9.758203799654577
VAV1,2892,11,262.90909090909093,9.844559585492227
BBC3,1846,7,263.7142857142857,9.93091537132988
PIK3R4,5016,19,264,10.01727115716753
TERT,5289,20,264.45,10.103626943005182
MAPK11,2418,9,268.6666666666667,10.189982728842832
CAD,7286,27,269.85185185185185,10.276338514680482
HCK,2160,8,270,10.362694300518134
RPGRIP1,4061,15,270.73333333333335,10.449050086355786
LCK,2166,8,270.75,10.535405872193436
TNFRSF1A,2171,8,271.375,10.621761658031089
SCYL1,2715,10,271.5,10.708117443868739
TOE1,2173,8,271.625,10.79447322970639
ROR2,4360,16,272.5,10.880829015544041
GRK6,3002,11,272.90909090909093,10.967184801381693
FOXM1,3552,13,273.2307692307692,11.053540587219343
MAST3,6020,22,273.6363636363636,11.139896373056994
ODC1,2476,9,275.1111111111111,11.226252158894647
EPHA1,3310,12,275.8333333333333,11.312607944732298
LATS2,5546,20,277.3,11.398963730569948
IGSF9,4205,15,280.3333333333333,11.4853195164076
SHC2,2525,9,280.55555555555554,11.57167530224525
NUF2,1964,7,280.57142857142856,11.658031088082902
SBK2,2251,8,281.375,11.744386873920552
EPHA2,3946,14,281.85714285714283,11.830742659758203
RAD54L,3114,11,283.09090909090907,11.917098445595855
TRAF2,2266,8,283.25,12.003454231433507
MAPK7,4533,16,283.3125,12.089810017271157
ANKK1,2553,9,283.6666666666667,12.176165803108809
RPS6KA4,3128,11,284.3636363636364,12.26252158894646
MAP3K8,2850,10,285,12.348877374784111
E2F8,3706,13,285.0769230769231,12.435233160621761
TLR1,2851,10,285.1,12.521588946459413
PARP4,5437,19,286.1578947368421,12.607944732297064
LTK,3444,12,287,12.694300518134716
DSCAML1,6899,24,287.4583333333333,12.780656303972366
FOXC2,2900,10,290,12.867012089810018
PARP10,3505,12,292.0833333333333,12.953367875647666
INCENP,4114,14,293.85714285714283,13.03972366148532
IKBKE,3240,11,294.54545454545456,13.126079447322972
BCL9,6189,21,294.7142857142857,13.21243523316062
PIK3C2G,5013,17,294.88235294117646,13.298791018998275
PRKCQ,3255,11,295.90909090909093,13.385146804835923
PRKCZ,2385,8,298.125,13.471502590673575
E2F1,2690,9,298.8888888888889,13.557858376511225
EGFL6,2403,8,300.375,13.644214162348877
PARP12,3021,10,302.1,13.730569948186528
TYK2,4243,14,303.07142857142856,13.81692573402418
NFATC1,4873,16,304.5625,13.903281519861832
NEK2,2134,7,304.85714285714283,13.989637305699482
MAP3K4,5500,18,305.55555555555554,14.075993091537134
LNX1,3978,13,306,14.162348877374784
PBK,1836,6,306,14.162348877374784
MELK,2452,8,306.5,14.335060449050086
CITED1,1231,4,307.75,14.421416234887738
ADAM29,3386,11,307.8181818181818,14.507772020725387
TEX14,4927,16,307.9375,14.59412780656304
FGF3,1540,5,308,14.680483592400693
NPHP4,5548,18,308.22222222222223,14.766839378238341
NEDD9,4934,16,308.375,14.853195164075995
PKN3,3393,11,308.45454545454544,14.939550949913643
PTPRF,7720,25,308.8,15.025906735751295
STAT6,4018,13,309.0769230769231,15.112262521588946
KRT73,2476,8,309.5,15.198618307426598
PLK3,2477,8,309.625,15.284974093264248
RET,6513,21,310.14285714285717,15.3713298791019
MAP2K7,3430,11,311.8181818181818,15.457685664939552
ANGPTL4,1872,6,312,15.544041450777202
RIPK3,1872,6,312,15.544041450777202
IFT81,3124,10,312.4,15.716753022452504
UPF1,5321,17,313,15.803108808290157
HDAC5,5326,17,313.29411764705884,15.889464594127805
FZD2,3779,12,314.9166666666667,15.975820379965459
CAMKV,3157,10,315.7,16.06217616580311
FBXL14,2527,8,315.875,16.14853195164076
MUTYH,2528,8,316,16.234887737478413
EPHB4,5058,16,316.125,16.321243523316063
SHC1,3481,11,316.45454545454544,16.407599309153714
MAP3K6,4438,14,317,16.493955094991364
CLSTN1,4760,15,317.3333333333333,16.580310880829018
MECOM,5732,18,318.44444444444446,16.666666666666664
FLT3,3826,12,318.8333333333333,16.753022452504318
PRKD1,3833,12,319.4166666666667,16.83937823834197
KIF15,4795,15,319.6666666666667,16.92573402417962
MBIP,1603,5,320.6,17.012089810017272
WNK2,8338,26,320.6923076923077,17.098445595854923
CDH1,4811,15,320.73333333333335,17.184801381692573
MCM3,3208,10,320.8,17.271157167530223
MAPK3,2567,8,320.875,17.357512953367877
MAP3K3,4818,15,321.2,17.443868739205527
ACVRL1,4177,13,321.3076923076923,17.530224525043177
PRKACG,1610,5,322,17.616580310880828
PAK6,4215,13,324.2307692307692,17.70293609671848
RPTOR,6838,21,325.6190476190476,17.78929188255613
BBS1,3585,11,325.90909090909093,17.875647668393782
AXIN2,4260,13,327.6923076923077,17.962003454231436
ERBB2,4930,15,328.6666666666667,18.048359240069082
TFE3,3291,10,329.1,18.134715025906736
FGR,2637,8,329.625,18.221070811744386
HIF1A,3956,12,329.6666666666667,18.307426597582037
WDR75,4297,13,330.53846153846155,18.393782383419687
PLCZ1,2320,7,331.42857142857144,18.48013816925734
RASA1,4979,15,331.93333333333334,18.56649395509499
PARD3,5980,18,332.22222222222223,18.65284974093264
CSF1R,3989,12,332.4166666666667,18.739205526770295
FGF18,1998,6,333,18.825561312607945
MAP4K3,4335,13,333.46153846153845,18.911917098445596
BUB1B,3669,11,333.54545454545456,18.998272884283246
WNT8A,1673,5,334.6,19.0846286701209
ERCC1,3379,10,337.9,19.170984455958546
CCNB1,2029,6,338.1666666666667,19.2573402417962
TTK,3725,11,338.6363636363636,19.343696027633854
CDCA8,2371,7,338.7142857142857,19.4300518134715
TTBK1,7130,21,339.5238095238095,19.516407599309154
ACVR1,4435,13,341.15384615384613,19.602763385146805
TNFRSF8,3760,11,341.8181818181818,19.689119170984455
ERCC2,4108,12,342.3333333333333,19.775474956822105
CDH3,4452,13,342.46153846153845,19.86183074265976
CAMK1G,3089,9,343.22222222222223,19.94818652849741
MCM2,3434,10,343.4,20.03454231433506
CHEK1,4128,12,344,20.120898100172713
SRPK3,4479,13,344.53846153846155,20.207253886010363
ILK,2074,6,345.6666666666667,20.293609671848014
CSF2RB,4853,14,346.64285714285717,20.379965457685664
RAD9A,2086,6,347.6666666666667,20.466321243523318
DAPK1,5912,17,347.7647058823529,20.552677029360964
MERTK,3826,11,347.8181818181818,20.639032815198618
BCL6,4178,12,348.1666666666667,20.72538860103627
DFFB,3152,9,350.22222222222223,20.81174438687392
MMP2,3514,10,351.4,20.898100172711572
BBS4,2467,7,352.42857142857144,20.984455958549223
MAP3K14,4583,13,352.53846153846155,21.070811744386873
CAMK2G,3878,11,352.54545454545456,21.157167530224523
EPHB3,4234,12,352.8333333333333,21.243523316062177
FZD7,4587,13,352.84615384615387,21.329879101899827
RNASEL,4238,12,353.1666666666667,21.416234887737478
MLH1,2827,8,353.375,21.502590673575128
EGF,6388,18,354.8888888888889,21.58894645941278
PI4KA,6751,19,355.3157894736842,21.675302245250432
DDIT3,1067,3,355.6666666666667,21.761658031088082
TSC2,6415,18,356.3888888888889,21.848013816925736
PTTG1,1070,3,356.6666666666667,21.934369602763386
PNCK,2143,6,357.1666666666667,22.020725388601036
NEK8,3573,10,357.3,22.107081174438687
SEC31A,4298,12,358.1666666666667,22.19343696027634
SUFU,5016,14,358.2857142857143,22.279792746113987
FGFR3,4301,12,358.4166666666667,22.36614853195164
PRKD2,3588,10,358.8,22.452504317789295
FASLG,1805,5,361,22.53886010362694
GLI1,3972,11,361.09090909090907,22.625215889464595
MAK,3984,11,362.1818181818182,22.711571675302245
IL12RB1,2901,8,362.625,22.797927461139896
GEM,2187,6,364.5,22.884283246977546
FLT4,5833,16,364.5625,22.9706390328152
ERCC3,4018,11,365.27272727272725,23.05699481865285
PSKH2,2557,7,365.2857142857143,23.1433506044905
ROR1,5858,16,366.125,23.229706390328154
CASP8,2930,8,366.25,23.316062176165804
RHOC,2199,6,366.5,23.402417962003454
RB1,4768,13,366.7692307692308,23.488773747841105
ALK,6240,17,367.05882352941177,23.57512953367876
MST1R,4772,13,367.0769230769231,23.661485319516405
LMTK3,5144,14,367.42857142857144,23.74784110535406
PTPRS,7356,20,367.8,23.83419689119171
DAAM1,5890,16,368.125,23.92055267702936
ELL,4074,11,370.3636363636364,24.006908462867013
DNAI1,2598,7,371.14285714285717,24.093264248704664
ABL1,5578,15,371.8666666666667,24.179620034542314
FZD6,3728,10,372.8,24.265975820379964
CDK11A,2984,8,373,24.352331606217618
KIFAP3,4111,11,373.72727272727275,24.438687392055268
PTPRN2,4860,13,373.84615384615387,24.52504317789292
CDK5,1122,3,374,24.61139896373057
TIRAP,2245,6,374.1666666666667,24.697754749568222
USP33,4502,12,375.1666666666667,24.784110535405873
GLI2,7136,19,375.57894736842104,24.870466321243523
TCF7L2,4136,11,376,24.956822107081177
SFRP5,1883,5,376.6,25.043177892918827
CCR1,2646,7,378,25.129533678756477
CHD5,9850,26,378.84615384615387,25.215889464594127
NCSTN,3031,8,378.875,25.302245250431778
VRK2,2657,7,379.57142857142856,25.38860103626943
PDGFRB,5700,15,380,25.47495682210708
WNT11,1900,5,380,25.47495682210708
CARD9,4574,12,381.1666666666667,25.647668393782386
NTRK1,3052,8,381.5,25.734024179620036
HSP90AB1,2674,7,382,25.820379965457686
GLI3,8405,22,382.04545454545456,25.906735751295333
HNF1A,3442,9,382.44444444444446,25.99309153713299
MCM5,4599,12,383.25,26.07944732297064
PAQR4,2685,7,383.57142857142856,26.165803108808287
AIP,1919,5,383.8,26.252158894645945
TNFRSF10A,2690,7,384.2857142857143,26.338514680483595
PIK3C2B,7686,20,384.3,26.42487046632124
SYMPK,6537,17,384.52941176470586,26.51122625215889
JAK3,5386,14,384.7142857142857,26.59758203799655
IKBKB,5002,13,384.7692307692308,26.683937823834196
SMC1B,4233,11,384.8181818181818,26.770293609671846
TLR5,4235,11,385,26.856649395509496
ATP8B1,6161,16,385.0625,26.94300518134715
EPHA8,5019,13,386.0769230769231,27.0293609671848
IQGAP2,5808,15,387.2,27.11571675302245
NRBP2,3877,10,387.7,27.202072538860104
FLNA,8541,22,388.22727272727275,27.288428324697755
IRS2,8156,21,388.3809523809524,27.374784110535405
FGFR1,6216,16,388.5,27.461139896373055
STAT3,5054,13,388.7692307692308,27.54749568221071
ADAMTS18,5833,15,388.8666666666667,27.63385146804836
STK33,4677,12,389.75,27.72020725388601
KREMEN2,2339,6,389.8333333333333,27.806563039723663
PARG,4294,11,390.3636363636364,27.892918825561313
MAP2K5,2344,6,390.6666666666667,27.979274611398964
KIT,5483,14,391.64285714285717,28.065630397236614
PIK3CD,5483,14,391.64285714285717,28.065630397236614
CSK,2743,7,391.85714285714283,28.238341968911918
RAPGEF3,6300,16,393.75,28.324697754749568
TCF3,4735,12,394.5833333333333,28.41105354058722
TP53BP2,4741,12,395.0833333333333,28.497409326424872
TAOK3,4346,11,395.09090909090907,28.583765112262522
CSNK1E,3162,8,395.25,28.670120898100173
ADCK1,3560,9,395.55555555555554,28.756476683937827
FLT1,7123,18,395.72222222222223,28.842832469775477
AXIN1,6340,16,396.25,28.929188255613127
SRPK1,4762,12,396.8333333333333,29.015544041450774
ARL13B,3971,10,397.1,29.10189982728843
PIK3R2,3980,10,398,29.18825561312608
PTPRU,5573,14,398.07142857142856,29.274611398963728
PDGFRA,6378,16,398.625,29.360967184801385
BCR,6783,17,399,29.447322970639036
CCND3,2394,6,399,29.447322970639036
SMO,3997,10,399.7,29.620034542314333
INSRR,5200,13,400,29.70639032815199
ADAMTS15,6006,15,400.4,29.792746113989637
BBS9,4004,10,400.4,29.792746113989637
WNT9A,4005,10,400.5,29.965457685664937
DMPK,4017,10,401.7,30.05181347150259
MYO3A,5624,14,401.7142857142857,30.13816925734024
CFHR5,2814,7,402,30.22452504317789
AURKC,1610,4,402.5,30.310880829015545
CDC42BPB,6844,17,402.5882352941176,30.397236614853195
PHLDB2,6042,15,402.8,30.483592400690846
NR4A1,4837,12,403.0833333333333,30.569948186528496
TYMS,1613,4,403.25,30.65630397236615
ERICH1,3630,9,403.3333333333333,30.7426597582038
IL1A,2017,5,403.4,30.82901554404145
ANK1,8478,21,403.7142857142857,30.915371329879104
RUNX1T1,7687,19,404.57894736842104,31.001727115716754
FZD8,4050,10,405,31.088082901554404
GAK,4461,11,405.54545454545456,31.174438687392055
XPC,3650,9,405.55555555555554,31.26079447322971
PPP2R5A,3245,8,405.625,31.34715025906736
CUL1,3247,8,405.875,31.43350604490501
MAPK8IP3,5686,14,406.14285714285717,31.519861830742656
TTLL3,5282,13,406.3076923076923,31.606217616580313
LTBP1,6502,16,406.375,31.692573402417963
MYO18B,8534,21,406.3809523809524,31.77892918825561
CNTN6,4065,10,406.5,31.865284974093267
MAPK8IP2,5700,14,407.14285714285717,31.951640759930918
MINK1,5299,13,407.61538461538464,32.037996545768564
EZH2,4502,11,409.27272727272725,32.12435233160622
ULK1,5322,13,409.38461538461536,32.21070811744387
FGFR2,6964,17,409.6470588235294,32.29706390328152
MAST2,5737,14,409.7857142857143,32.38341968911917
NOTCH1,9855,24,410.625,32.469775474956826
ELK1,2876,7,410.85714285714283,32.55613126079447
PPARG,4527,11,411.54545454545456,32.64248704663213
MARK1,5768,14,412,32.72884283246977
NUP98,7023,17,413.11764705882354,32.81519861830743
MYC,3721,9,413.44444444444446,32.90155440414508
CDK9,2483,6,413.8333333333333,32.98791018998273
MTOR,8721,21,415.2857142857143,33.074265975820374
TXK,2908,7,415.42857142857144,33.160621761658035
ELF3,4994,12,416.1666666666667,33.24697754749568
LGR5,4583,11,416.6363636363636,33.33333333333333
MCM6,3753,9,417,33.41968911917099
IFT172,6271,15,418.06666666666666,33.506044905008636
EXOC4,4182,10,418.2,33.59240069084628
SH2D2A,1673,4,418.25,33.67875647668394
MCM4,4183,10,418.3,33.76511226252159
FLNB,9635,23,418.9130434782609,33.85146804835924
RIPK2,2516,6,419.3333333333333,33.93782383419689
FOS,2104,5,420.8,34.024179620034545
KIF3A,6325,15,421.6666666666667,34.11053540587219
ITGAE,3803,9,422.55555555555554,34.196891191709845
PPP1R13B,5500,13,423.0769230769231,34.28324697754749
ZIC2,2963,7,423.2857142857143,34.369602763385146
PKD2,5089,12,424.0833333333333,34.4559585492228
ACSL5,3394,8,424.25,34.542314335060446
SIK3,6364,15,424.26666666666665,34.6286701208981
TNK2,5940,14,424.2857142857143,34.715025906735754
EPHB1,4674,11,424.90909090909093,34.8013816925734
VAV2,5101,12,425.0833333333333,34.887737478411054
NDC80,2126,5,425.2,34.97409326424871
CTNNA1,3831,9,425.6666666666667,35.060449050086355
P2RX7,5113,12,426.0833333333333,35.14680483592401
SNAI1,1705,4,426.25,35.233160621761655
MAST4,10677,25,427.08,35.31951640759931
ATR,8158,19,429.36842105263156,35.40587219343696
RAPGEF4,4301,10,430.1,35.49222797927461
PSMC5,2586,6,431,35.57858376511226
CREBBP,10790,25,431.6,35.66493955094992
APC2,11656,27,431.7037037037037,35.751295336787564
IL1R1,5183,12,431.9166666666667,35.83765112262521
SNRK,5188,12,432.3333333333333,35.92400690846287
PAK1,3459,8,432.375,36.01036269430052
CNTN4,5198,12,433.1666666666667,36.096718480138165
PXK,3035,7,433.57142857142856,36.183074265975826
MARK4,5209,12,434.0833333333333,36.26943005181347
MLH3,7820,18,434.44444444444446,36.35578583765112
CCR7,2173,5,434.6,36.44214162348877
SCNN1G,3477,8,434.625,36.52849740932643
NOSIP,2615,6,435.8333333333333,36.61485319516407
CENPE,8742,20,437.1,36.70120898100173
RBL1,5686,13,437.38461538461536,36.787564766839374
ALPK2,7437,17,437.47058823529414,36.87392055267703
DIP2C,7885,18,438.05555555555554,36.96027633851468
TESK2,3071,7,438.7142857142857,37.04663212435233
ERCC5,5269,12,439.0833333333333,37.13298791018998
INPP5D,5274,12,439.5,37.219343696027636
RAVER2,4398,10,439.8,37.30569948186528
CDC42BPG,6161,14,440.07142857142856,37.392055267702936
PTK7,5282,12,440.1666666666667,37.47841105354059
TGM3,2643,6,440.5,37.56476683937824
SERPIND1,2203,5,440.6,37.65112262521589
WDR38,1323,3,441,37.737478411053544
PROC,1769,4,442.25,37.82383419689119
BOC,5750,13,442.3076923076923,37.910189982728845
PI4KB,3983,9,442.55555555555554,37.99654576856649
WNT7A,3991,9,443.44444444444446,38.082901554404145
PIK3C2A,8428,19,443.57894736842104,38.1692573402418
RFC1,4886,11,444.1818181818182,38.255613126079446
CTNNB1,4888,11,444.3636363636364,38.34196891191709
CDKL3,2222,5,444.4,38.42832469775475
NPHP3,5348,12,445.6666666666667,38.5146804835924
TNK1,3122,7,446,38.60103626943005
WNT10B,2246,5,449.2,38.68739205526771
GAS1,3145,7,449.2857142857143,38.773747841105354
TNIK,9892,22,449.6363636363636,38.860103626943
HIF3A,5856,13,450.46153846153845,38.946459412780655
VEGFB,1805,4,451.25,39.03281519861831
TLR6,5880,13,452.3076923076923,39.119170984455955
BAX,1358,3,452.6666666666667,39.20552677029361
BRSK2,4528,10,452.8,39.29188255613126
PCNA,1359,3,453,39.37823834196891
ASAP1,6344,14,453.14285714285717,39.46459412780656
IL18BP,4080,9,453.3333333333333,39.55094991364421
SYK,4990,11,453.6363636363636,39.637305699481864
MAPK8IP1,3180,7,454.2857142857143,39.72366148531952
EPHA4,6362,14,454.42857142857144,39.810017271157164
FOXO4,3644,8,455.5,39.89637305699482
EPHA10,5477,12,456.4166666666667,39.98272884283247
MKRN3,2740,6,456.6666666666667,40.06908462867012
FN1,9171,20,458.55,40.15544041450777
MASTL,4132,9,459.1111111111111,40.241796200345426
HNRNPH2,2296,5,459.2,40.32815198618307
LOX,5076,11,461.45454545454544,40.41450777202073
IL3,924,2,462,40.500863557858374
EP300,8779,19,462.05263157894734,40.58721934369603
SIAH2,2311,5,462.2,40.67357512953368
JAK2,7023,15,468.2,40.75993091537133
TEK,4683,10,468.3,40.84628670120898
MAP3K5,5157,11,468.8181818181818,40.932642487046635
ALPK1,5633,12,469.4166666666667,41.01899827288428
CDK18,3756,8,469.5,41.10535405872193
CFL1,1878,4,469.5,41.10535405872193
BUB1,3762,8,470.25,41.278065630397236
ARNT,4710,10,471,41.36442141623489
SNAI2,2828,6,471.3333333333333,41.45077720207254
EFNB1,3303,7,471.85714285714283,41.53713298791019
HSP90B1,6609,14,472.07142857142856,41.62348877374784
PTHLH,1891,4,472.75,41.70984455958549
CXCR4,1895,4,473.75,41.796200345423145
TUBB1,3321,7,474.42857142857144,41.8825561312608
CASP4,4745,10,474.5,41.968911917098445
CDKN2D,1425,3,475,42.05526770293609
NOTCH2,11425,24,476.0416666666667,42.141623488773746
LZTS2,5741,12,478.4166666666667,42.2279792746114
HUNK,7680,16,480,42.31433506044905
APAF1,7201,15,480.06666666666666,42.40069084628671
CDC25A,3844,8,480.5,42.487046632124354
TMEM67,5779,12,481.5833333333333,42.573402417962
JUND,1929,4,482.25,42.659758203799655
HIPK1,8201,17,482.4117647058824,42.74611398963731
KSR1,7237,15,482.46666666666664,42.832469775474955
ERCC6L,4344,9,482.6666666666667,42.91882556131261
SPTBN2,11136,23,484.17391304347825,43.005181347150256
JAK1,7780,16,486.25,43.09153713298791
ALPK3,10238,21,487.5238095238095,43.17789291882556
STK10,5892,12,491,43.26424870466321
ARIH2,4912,10,491.2,43.350604490500864
KIF2C,2955,6,492.5,43.43696027633852
MAP3K7,4932,10,493.2,43.523316062176164
ERCC4,6918,14,494.14285714285717,43.60967184801382
E4F1,5931,12,494.25,43.69602763385147
PARP3,2472,5,494.4,43.78238341968912
CAMK1,1487,3,495.6666666666667,43.86873920552677
LMTK2,8974,18,498.55555555555554,43.955094991364426
SBK1,4986,10,498.6,44.04145077720207
PRKACA,3996,8,499.5,44.12780656303973
ASPSCR1,5503,11,500.27272727272725,44.21416234887737
PRPF4,4020,8,502.5,44.30051813471503
CIB2,1511,3,503.6666666666667,44.38687392055268
PIK3CG,7059,14,504.2142857142857,44.47322970639033
NEK4,6053,12,504.4166666666667,44.559585492227974
CDK17,4036,8,504.5,44.645941278065635
SMAD9,5558,11,505.27272727272725,44.73229706390328
TESK1,2530,5,506,44.81865284974093
CXXC4,5569,11,506.27272727272725,44.90500863557859
TRRAP,12677,25,507.08,44.991364421416236
STK11,3554,7,507.7142857142857,45.07772020725388
DNAH9,13711,27,507.81481481481484,45.16407599309154
STAT5B,5079,10,507.9,45.25043177892919
BCL2L14,2039,4,509.75,45.33678756476684
CHEK2,2560,5,512,45.42314335060449
TAF1,7697,15,513.1333333333333,45.509499136442145
WNT10A,2055,4,513.75,45.59585492227979
NEK7,4114,8,514.25,45.682210708117445
IRS1,9771,19,514.2631578947369,45.76856649395509
CA9,1546,3,515.3333333333334,45.854922279792746
PPM1D,5163,10,516.3,45.9412780656304
GALNS,5682,11,516.5454545454545,46.027633851468046
PLK1,4135,8,516.875,46.1139896373057
TLE1,4135,8,516.875,46.1139896373057
PRCC,2068,4,517,46.286701208981
TOP2A,5695,11,517.7272727272727,46.373056994818654
PIM2,2075,4,518.75,46.45941278065631
TP73,5192,10,519.2,46.545768566493955
SMAD6,5198,10,519.8,46.63212435233161
PTPRG,9357,18,519.8333333333334,46.718480138169255
MOS,1041,2,520.5,46.80483592400691
TLL1,7291,14,520.7857142857143,46.89119170984456
CUL2,4690,9,521.1111111111111,46.97754749568221
ADAMTSL3,7299,14,521.3571428571429,47.06390328151986
PAK4,5735,11,521.3636363636364,47.15025906735752
PARP6,3657,7,522.4285714285714,47.236614853195164
MYCN,2613,5,522.6,47.32297063903281
TIPARP,4181,8,522.625,47.40932642487047
GRK5,6798,13,522.9230769230769,47.49568221070812
CHL1,7856,15,523.7333333333333,47.582037996545765
CASP2,5769,11,524.4545454545455,47.66839378238342
ROCK1,9446,18,524.7777777777778,47.75474956822107
HDAC6,5249,10,524.9,47.84110535405872
TLR2,4200,8,525,47.92746113989637
BBS5,3159,6,526.5,48.01381692573403
TNFRSF1B,3687,7,526.7142857142857,48.10017271157167
BAIAP2,3689,7,527,48.18652849740933
CDC14A,4231,8,528.875,48.272884283246974
CDK13,9525,18,529.1666666666666,48.35924006908463
MAPK4,4763,9,529.2222222222222,48.44559585492228
CCND1,4238,8,529.75,48.53195164075993
CDK15,3719,7,531.2857142857143,48.61830742659758
MAP4K4,7970,15,531.3333333333334,48.704663212435236
CASP7,2659,5,531.8,48.79101899827288
UHRF2,3723,7,531.8571428571429,48.877374784110536
PTPRA,3725,7,532.1428571428571,48.96373056994819
SRC,4794,9,532.6666666666666,49.05008635578584
MITF,4799,9,533.2222222222222,49.13644214162349
HDAC7,6414,12,534.5,49.22279792746114
PTPN13,8573,16,535.8125,49.30915371329879
PIK3R1,6975,13,536.5384615384615,49.395509499136445
CLTC,8587,16,536.6875,49.48186528497409
RAP1GAP,4294,8,536.75,49.568221070811745
NRK,8066,15,537.7333333333333,49.6545768566494
CAMK2A,4848,9,538.6666666666666,49.740932642487046
IL1B,1617,3,539,49.82728842832469
PPARD,3774,7,539.1428571428571,49.91364421416235
CIT,10799,20,539.95,50
CLIP1,5978,11,543.4545454545455,50.086355785837654
TP53BP1,10369,19,545.7368421052631,50.1727115716753
PARP16,2734,5,546.8,50.259067357512954
RALBP1,4379,8,547.375,50.34542314335061
BARD1,5478,10,547.8,50.431778929188255
ABCA1,10413,19,548.0526315789474,50.51813471502591
PLK4,3838,7,548.2857142857143,50.604490500863555
ARPC3,1098,2,549,50.69084628670121
PTK2,4955,9,550.5555555555555,50.77720207253886
EIF2AK1,4411,8,551.375,50.86355785837651
EPHB2,11035,20,551.75,50.94991364421416
CDC7,3313,6,552.1666666666666,51.03626943005182
EIF2AK4,5538,10,553.8,51.122625215889464
MLKL,3882,7,554.5714285714286,51.20898100172712
ESPL1,6665,12,555.4166666666666,51.29533678756477
ANGPTL7,2224,4,556,51.38169257340242
ROCK2,8345,15,556.3333333333334,51.46804835924007
CAMKK1,3898,7,556.8571428571429,51.554404145077726
EPS8,5016,9,557.3333333333334,51.64075993091537
KCNQ5,6688,12,557.3333333333334,51.64075993091537
PTGS1,5020,9,557.7777777777778,51.813471502590666
PRKD3,6156,11,559.6363636363636,51.89982728842833
CDC14B,5602,10,560.2,51.98618307426598
PIK3R5,4491,8,561.375,52.07253886010362
EPHA5,8421,15,561.4,52.15889464594128
PARP14,8437,15,562.4666666666667,52.245250431778935
MAGT1,4506,8,563.25,52.331606217616574
ROS1,8451,15,563.4,52.417962003454235
WNT7B,3948,7,564,52.50431778929189
PARP9,6769,12,564.0833333333334,52.59067357512953
VEGFC,2259,4,564.75,52.67702936096719
TECTA,7353,13,565.6153846153846,52.76338514680483
CNTN1,5667,10,566.7,52.84974093264248
CLSPN,8512,15,567.4666666666667,52.936096718480144
FOXC1,3983,7,569,53.02245250431778
CDC6,4564,8,570.5,53.10880829015544
ATM,13130,23,570.8695652173913,53.1951640759931
EPHA3,5712,10,571.2,53.28151986183074
MET,6876,12,573,53.36787564766839
SCYL3,6308,11,573.4545454545455,53.45423143350605
DNAH11,14343,25,573.72,53.54058721934369
BNIP3L,3452,6,575.3333333333334,53.626943005181346
GCK,2879,5,575.8,53.71329879101899
NRBP1,2887,5,577.4,53.799654576856646
MAP2K2,3491,6,581.8333333333334,53.8860103626943
CAMK2D,5820,10,582,53.97236614853195
DCLK2,4075,7,582.1428571428571,54.0587219343696
EGFR,9905,17,582.6470588235294,54.145077720207254
PSKH1,3497,6,582.8333333333334,54.2314335060449
HGF,5834,10,583.4,54.317789291882555
HSP90AA1,3510,6,585,54.40414507772021
PRKDC,13459,23,585.1739130434783,54.490500863557855
TFG,5864,10,586.4,54.57685664939551
ATRX,11165,19,587.6315789473684,54.66321243523316
NFKB1,4115,7,587.8571428571429,54.74956822107081
SLC29A1,2358,4,589.5,54.83592400690846
MSH6,7669,13,589.9230769230769,54.92227979274611
EIF2AK3,4724,8,590.5,55.008635578583764
NEK9,8278,14,591.2857142857143,55.09499136442142
INSR,9463,16,591.4375,55.181347150259064
MST1,4152,7,593.1428571428571,55.26770293609672
CSMD3,13052,22,593.2727272727273,55.35405872193437
IL11,2378,4,594.5,55.44041450777202
AATK,11898,20,594.9,55.52677029360967
PRDM4,4182,7,597.4285714285714,55.613126079447326
SCYL2,5977,10,597.7,55.69948186528497
CCNH,2391,4,597.75,55.78583765112263
HDAC4,8976,15,598.4,55.87219343696027
AIMP2,1198,2,599,55.95854922279793
MAP2K3,2401,4,600.25,56.04490500863558
WNT2,4205,7,600.7142857142857,56.13126079447323
MCF2L2,7813,13,601,56.21761658031088
CSNK1A1L,2406,4,601.5,56.303972366148535
ERN1,9028,15,601.8666666666667,56.39032815198618
STK40,4837,8,604.625,56.476683937823836
UBR5,10895,18,605.2777777777778,56.56303972366149
BRCA1,7270,12,605.8333333333334,56.649395509499136
RASGRF2,8482,14,605.8571428571429,56.73575129533679
AKT1S1,3640,6,606.6666666666666,56.82210708117444
PTPRT,12746,21,606.952380952381,56.90846286701209
PTPN14,13360,22,607.2727272727273,56.994818652849744
EYA4,6106,10,610.6,57.081174438687384
TRADD,1833,3,611,57.167530224525045
KIF3B,6116,10,611.6,57.2538860103627
SOS2,5508,9,612,57.340241796200345
INVS,4897,8,612.125,57.426597582038
TBCK,7961,13,612.3846153846154,57.51295336787565
CDK8,3065,5,613,57.59930915371329
SUV39H2,3087,5,617.4,57.68566493955095
STUB1,1853,3,617.6666666666666,57.77202072538861
MAPKAPK2,3091,5,618.2,57.858376511226254
PRKCH,3720,6,620,57.94473229706391
DDB2,3101,5,620.2,58.03108808290155
NF1,12415,20,620.75,58.1174438687392
PARP1,6210,10,621,58.20379965457686
MYO3B,6213,10,621.3,58.2901554404145
CDK4,1865,3,621.6666666666666,58.37651122625216
CAMKK2,5598,9,622,58.462867012089816
AUTS2,7469,12,622.4166666666666,58.549222797927456
PKDCC,2490,4,622.5,58.63557858376511
PARP8,7475,12,622.9166666666666,58.72193436960277
WASL,4363,7,623.2857142857143,58.80829015544041
BID,2495,4,623.75,58.89464594127807
CDC25B,3119,5,623.8,58.98100172711571
ERC2,6239,10,623.9,59.067357512953365
EFNB2,4995,8,624.375,59.15371329879102
ERBB3,6264,10,626.4,59.240069084628665
PRPF4B,7517,12,626.4166666666666,59.32642487046632
RASA2,5638,9,626.4444444444445,59.41278065630398
FBXW7,5653,9,628.1111111111111,59.49913644214162
NEK1,6919,11,629,59.58549222797927
APC,10704,17,629.6470588235294,59.67184801381693
DNAH5,15781,25,631.24,59.758203799654574
ESCO2,3805,6,634.1666666666666,59.84455958549223
PDGFRL,1905,3,635,59.930915371329874
STK4,6366,10,636.6,60.01727115716753
ZEB2,9583,15,638.8666666666667,60.10362694300518
MAP3K1,7036,11,639.6363636363636,60.18998272884283
BBS7,3840,6,640,60.27633851468048
FH,5122,8,640.25,60.362694300518136
MAP2K4,3856,6,642.6666666666666,60.44905008635578
PLD6,2578,4,644.5,60.53540587219344
ARFRP1,5178,8,647.25,60.62176165803109
ACVR1B,4531,7,647.2857142857143,60.70811744386874
KDR,5833,9,648.1111111111111,60.79447322970639
GRAP2,3891,6,648.5,60.880829015544045
EGLN2,3894,6,649,60.96718480138169
CAMK2B,4545,7,649.2857142857143,61.053540587219345
PTPRD,10389,16,649.3125,61.13989637305699
CDK1,1948,3,649.3333333333334,61.226252158894646
GRK7,6509,10,650.9,61.3126079447323
PLA2G2A,1306,2,653,61.398963730569946
WNK1,11804,18,655.7777777777778,61.4853195164076
AKT2,5250,8,656.25,61.571675302245254
FZD10,3282,5,656.4,61.6580310880829
L3MBTL1,7254,11,659.4545454545455,61.744386873920554
LRRK2,9239,14,659.9285714285714,61.83074265975821
MARK2,5298,8,662.25,61.917098445595855
PHIP,11926,18,662.5555555555555,62.00345423143351
YES1,4639,7,662.7142857142857,62.089810017271155
MYD88,3314,5,662.8,62.17616580310881
ANK2,15298,23,665.1304347826087,62.26252158894646
DLK1,4657,7,665.2857142857143,62.34887737478411
SFRP2,1996,3,665.3333333333334,62.43523316062176
STOML3,1997,3,665.6666666666666,62.52158894645942
TNFRSF10B,3998,6,666.3333333333334,62.607944732297064
TLR3,6015,9,668.3333333333334,62.69430051813472
WNT5A,6042,9,671.3333333333334,62.78065630397237
CD109,9401,14,671.5,62.86701208981002
APPL1,6069,9,674.3333333333334,62.95336787564767
HDAC9,10118,15,674.5333333333333,63.03972366148531
MED12L,10794,16,674.625,63.12607944732297
SMAD4,8772,13,674.7692307692307,63.212435233160626
CSNK1D,6094,9,677.1111111111111,63.298791018998266
MAP3K9,11511,17,677.1176470588235,63.38514680483593
IGF1R,12235,18,679.7222222222222,63.47150259067358
BBS2,8161,12,680.0833333333334,63.55785837651122
PXN,5457,8,682.125,63.64421416234888
PPP2R5B,2729,4,682.25,63.730569948186535
SGK1,5474,8,684.25,63.816925734024174
MKS1,4123,6,687.1666666666666,63.903281519861835
CDK20,5503,8,687.875,63.98963730569949
MCC,8295,12,691.25,64.07599309153713
CHUK,4845,7,692.1428571428571,64.16234887737478
RPA1,4847,7,692.4285714285714,64.24870466321244
HAPLN1,4849,7,692.7142857142857,64.33506044905009
CENPA,1389,2,694.5,64.42141623488774
TCF4,8343,12,695.25,64.50777202072538
ELK3,4201,6,700.1666666666666,64.59412780656304
PIM3,2102,3,700.6666666666666,64.68048359240069
MAPK13,6316,9,701.7777777777778,64.76683937823834
CDON,9138,13,702.9230769230769,64.853195164076
NFATC3,6328,9,703.1111111111111,64.93955094991365
FZD5,7039,10,703.9,65.02590673575129
MACC1,9153,13,704.0769230769231,65.11226252158895
IFI30,2116,3,705.3333333333334,65.19861830742659
TP63,4944,7,706.2857142857143,65.28497409326425
PKHD1,16271,23,707.4347826086956,65.3713298791019
STK38L,4957,7,708.1428571428571,65.45768566493955
ERGIC3,2846,4,711.5,65.5440414507772
IGF2R,14231,20,711.55,65.63039723661485
DPP4,8539,12,711.5833333333334,65.71675302245251
ERBB4,12097,17,711.5882352941177,65.80310880829016
PIK3CA,9259,13,712.2307692307693,65.88946459412782
IGFBP7,1427,2,713.5,65.97582037996546
MAP2,10012,14,715.1428571428571,66.06217616580311
PRKCE,5749,8,718.625,66.14853195164075
HDAC11,2875,4,718.75,66.2348877374784
TGFBR2,5794,8,724.25,66.32124352331607
DDR2,10160,14,725.7142857142857,66.40759930915371
TSC1,8715,12,726.25,66.49395509499136
NEMF,5819,8,727.375,66.58031088082902
HSPB1,1455,2,727.5,66.66666666666666
PMS2,5093,7,727.5714285714286,66.75302245250433
EPHA7,8016,11,728.7272727272727,66.83937823834198
PTPN3,8765,12,730.4166666666666,66.92573402417962
DBF4,3655,5,731,67.01208981001727
TNFSF13,2195,3,731.6666666666666,67.09844559585493
GNAS,7318,10,731.8,67.18480138169257
RICTOR,9533,13,733.3076923076923,67.27115716753022
FLCN,3667,5,733.4,67.35751295336787
AIFM1,5137,7,733.8571428571429,67.44386873920553
PLCG1,7395,10,739.5,67.53022452504318
SRPK2,3700,5,740,67.61658031088082
USP9X,12591,17,740.6470588235294,67.70293609671847
STRADB,2222,3,740.6666666666666,67.78929188255614
CASP9,4463,6,743.8333333333334,67.87564766839378
PKD1,14140,19,744.2105263157895,67.96200345423144
TDP1,3722,5,744.4,68.04835924006909
LRP2,15657,21,745.5714285714286,68.13471502590673
PDGFB,3728,5,745.6,68.22107081174438
STK31,3732,5,746.4,68.30742659758204
MAPKAPK3,2988,4,747,68.39378238341969
NGF,2997,4,749.25,68.48013816925734
PRKACB,4513,6,752.1666666666666,68.56649395509498
STK25,4515,6,752.5,68.65284974093264
CDK12,8287,11,753.3636363636364,68.73920552677029
CD47,6796,9,755.1111111111111,68.82556131260795
CDKN1A,2267,3,755.6666666666666,68.9119170984456
RAD52,3023,4,755.75,68.99827288428325
PKNOX1,5300,7,757.1428571428571,69.08462867012089
IL6,1527,2,763.5,69.17098445595855
IFT57,3057,4,764.25,69.2573402417962
VANGL2,5354,7,764.8571428571429,69.34369602763385
CAB39,3829,5,765.8,69.43005181347151
STAM,3856,5,771.2,69.51640759930915
KIF1B,10855,14,775.3571428571429,69.6027633851468
NFKBIA,1559,2,779.5,69.68911917098445
STK16,3118,4,779.5,69.68911917098445
TNKS2,6242,8,780.25,69.86183074265976
MAPK6,5489,7,784.1428571428571,69.94818652849742
PIK3C3,9415,12,784.5833333333334,70.03454231433506
PTGS2,4709,6,784.8333333333334,70.12089810017271
ERCC6,11026,14,787.5714285714286,70.20725388601036
LRP6,10252,13,788.6153846153846,70.29360967184802
CDK16,3158,4,789.5,70.37996545768567
MSN,3960,5,792,70.46632124352331
RPGRIP1L,7935,10,793.5,70.55267702936096
WNT4,3968,5,793.6,70.63903281519862
MAP4K2,7147,9,794.1111111111111,70.72538860103627
MAP3K11,5605,7,800.7142857142857,70.81174438687393
TYRO3,8032,10,803.2,70.89810017271158
ATF1,2412,3,804,70.98445595854922
BMPR2,12068,15,804.5333333333333,71.07081174438687
DCLK3,5651,7,807.2857142857143,71.15716753022453
VBP1,1616,2,808,71.24352331606218
STK35,6469,8,808.625,71.32987910189983
SOS1,8906,11,809.6363636363636,71.41623488773747
AIFM2,3247,4,811.75,71.50259067357513
FOXO3,7308,9,812,71.58894645941278
RAD51,2439,3,813,71.67530224525042
JUN,3257,4,814.25,71.76165803108809
ABL2,12217,15,814.4666666666667,71.84801381692574
PTCH1,10631,13,817.7692307692307,71.93436960276338
E2F7,5725,7,817.8571428571429,72.02072538860104
LATS1,7362,9,818,72.10708117443869
CDKL2,4935,6,822.5,72.19343696027633
RAPGEF2,8225,10,822.5,72.19343696027633
RBBP8,3293,4,823.25,72.36614853195165
IRAK3,8328,10,832.8,72.45250431778929
PARP15,5002,6,833.6666666666666,72.53886010362694
SMAD7,3341,4,835.25,72.62521588946458
TRIM33,8369,10,836.9,72.71157167530224
VAV3,5025,6,837.5,72.7979274611399
PI4K2A,4189,5,837.8,72.88428324697755
DCLK1,8394,10,839.4,72.9706390328152
OFD1,6735,8,841.875,73.05699481865285
DCC,10181,12,848.4166666666666,73.1433506044905
TRIM24,8488,10,848.8,73.22970639032815
F2RL2,3398,4,849.5,73.31606217616581
SGCB,4248,5,849.6,73.40241796200345
RAP1A,5101,6,850.1666666666666,73.48877374784111
ADORA1,3407,4,851.75,73.57512953367875
MKNK1,3408,4,852,73.6614853195164
BRCA2,11954,14,853.8571428571429,73.74784110535406
CDKL4,1710,2,855,73.83419689119171
ELF4,5140,6,856.6666666666666,73.92055267702936
IRAK4,4284,5,856.8,74.00690846286702
IRAK2,3431,4,857.75,74.09326424870466
EPAS1,5155,6,859.1666666666666,74.17962003454231
WNT6,1719,2,859.5,74.26597582037996
NKX2-1,2583,3,861,74.35233160621762
NUMB,5172,6,862,74.43868739205527
TTBK2,11208,13,862.1538461538462,74.52504317789291
INHBA,6046,7,863.7142857142857,74.61139896373057
MAPK14,4319,5,863.8,74.69775474956822
EGLN1,4335,5,867,74.78411053540587
MXI1,3470,4,867.5,74.87046632124353
BTRC,6084,7,869.1428571428571,74.95682210708118
SLK,7827,9,869.6666666666666,75.04317789291882
LRRK1,15674,18,870.7777777777778,75.12953367875647
E2F4,2615,3,871.6666666666666,75.21588946459413
BCL2L11,5231,6,871.8333333333334,75.30224525043178
FRZB,2637,3,879,75.38860103626943
NLK,3526,4,881.5,75.47495682210709
RIPK1,6172,7,881.7142857142857,75.56131260794473
CDC20,1777,2,888.5,75.64766839378238
PARP11,4449,5,889.8,75.73402417962004
DSTYK,8010,9,890,75.82037996545769
BCL2L2,3568,4,892,75.90673575129534
PIK3CB,6259,7,894.1428571428571,75.99309153713298
ASCC1,2683,3,894.3333333333334,76.07944732297064
IRAK1,3581,4,895.25,76.16580310880829
PHKG2,5384,6,897.3333333333334,76.25215889464594
PI4K2B,3594,4,898.5,76.3385146804836
TPX2,3605,4,901.25,76.42487046632125
OXSR1,4517,5,903.4,76.51122625215889
FBXW11,4539,5,907.8,76.59758203799655
MCL1,4550,5,910,76.68393782383419
UBE2C,914,1,914,76.77029360967185
ACOX1,7317,8,914.625,76.8566493955095
JUNB,1830,2,915,76.94300518134715
CCNA2,2748,3,916,77.0293609671848
MUSK,8294,9,921.5555555555555,77.11571675302245
STYK1,2771,3,923.6666666666666,77.2020725388601
ATAD1,4640,5,928,77.28842832469776
SHH,4650,5,930,77.37478411053542
GRB2,3729,4,932.25,77.46113989637306
VEGFA,12167,13,935.9230769230769,77.54749568221071
TNFSF10,1876,2,938,77.63385146804835
ADAM17,6573,7,939,77.720207253886
NTRK2,9433,10,943.3,77.80656303972367
WNK3,11341,12,945.0833333333334,77.89291882556131
SMYD2,4732,5,946.4,77.97927461139896
ID3,950,1,950,78.06563039723662
HIPK3,7614,8,951.75,78.15198618307426
MAPK9,4799,5,959.8,78.23834196891191
SIK2,9622,10,962.2,78.32469775474958
TNKS,9622,10,962.2,78.32469775474958
MAP4K5,4812,5,962.4,78.49740932642487
FOXO1,5779,6,963.1666666666666,78.58376511226253
CDKN2C,2904,3,968,78.67012089810017
CASP10,5814,6,969,78.75647668393782
SETD7,6808,7,972.5714285714286,78.84283246977547
PTEN,8761,9,973.4444444444445,78.92918825561313
ITK,5869,6,978.1666666666666,79.01554404145078
LYN,5872,6,978.6666666666666,79.10189982728842
STK17A,3918,4,979.5,79.18825561312607
PIN4,1960,2,980,79.27461139896373
PTK6,2953,3,984.3333333333334,79.36096718480138
FZD1,6894,7,984.8571428571429,79.44732297063904
RHOA,3941,4,985.25,79.53367875647669
TBK1,5944,6,990.6666666666666,79.62003454231433
IKBKG,2975,3,991.6666666666666,79.70639032815198
CDC42BPA,10978,11,998,79.79274611398964
NF2,5995,6,999.1666666666666,79.87910189982729
NPHP1,10006,10,1000.6,79.96545768566494
GADD45B,2007,2,1003.5,80.05181347150258
EXT2,10037,10,1003.7,80.13816925734024
DFFA,6035,6,1005.8333333333334,80.22452504317789
MAPK8,6046,6,1007.6666666666666,80.31088082901555
DAPK2,8086,8,1010.75,80.3972366148532
CBL,11168,11,1015.2727272727273,80.48359240069085
CEP290,13334,13,1025.6923076923076,80.56994818652849
SYNE1,27708,27,1026.2222222222222,80.65630397236615
KREMEN1,6181,6,1030.1666666666667,80.7426597582038
CDK14,5171,5,1034.2,80.82901554404145
WEE1,5187,5,1037.4,80.91537132987911
MAPK12,6248,6,1041.3333333333333,81.00172711571675
WNT16,3150,3,1050,81.0880829015544
MAX,3155,3,1051.6666666666667,81.17443868739205
TTC8,5270,5,1054,81.26079447322971
FGF4,3165,3,1055,81.34715025906736
SRF,4231,4,1057.75,81.43350604490502
TP53RK,3180,3,1060,81.51986183074266
EIF4A2,5327,5,1065.4,81.60621761658031
GADD45G,1066,1,1066,81.69257340241796
CDK19,6399,6,1066.5,81.77892918825562
STK3,5333,5,1066.6,81.86528497409327
STK24,9605,9,1067.2222222222222,81.95164075993091
CYLD,8540,8,1067.5,82.03799654576856
WNT8B,2144,2,1072,82.12435233160622
MARK3,6433,6,1072.1666666666667,82.21070811744386
SMAD3,6464,6,1077.3333333333333,82.29706390328153
NEK3,3256,3,1085.3333333333333,82.38341968911918
DGKA,5436,5,1087.2,82.46977547495682
SRSF6,4353,4,1088.25,82.55613126079447
MAP3K13,9857,9,1095.2222222222222,82.64248704663213
VRK3,2197,2,1098.5,82.72884283246978
CD82,2212,2,1106,82.81519861830743
UMPS,6652,6,1108.6666666666667,82.90155440414507
CHIC2,1109,1,1109,82.98791018998273
WNT2B,11130,10,1113,83.07426597582038
IRAK1BP1,5577,5,1115.4,83.16062176165802
SFRP1,4464,4,1116,83.24697754749567
MDM4,10050,9,1116.6666666666667,83.33333333333334
SIAH1,3352,3,1117.3333333333333,83.41968911917098
MKKS,6714,6,1119,83.50604490500864
ITCH,6743,6,1123.8333333333333,83.59240069084629
AURKA,2248,2,1124,83.67875647668393
MAP3K2,11360,10,1136,83.7651122625216
HDAC8,5689,5,1137.8,83.85146804835925
PAK3,9126,8,1140.75,83.93782383419689
TLK1,5726,5,1145.2,84.02417962003454
SOST,2296,2,1148,84.11053540587218
CLDN1,3446,3,1148.6666666666667,84.19689119170984
E2F6,3450,3,1150,84.28324697754749
RAC1,2309,2,1154.5,84.36960276338515
CSNK1G3,4635,4,1158.75,84.4559585492228
EPHA6,16254,14,1161,84.54231433506045
RANBP2,11708,10,1170.8,84.6286701208981
PPA1,3524,3,1174.6666666666667,84.71502590673575
EXT1,8243,7,1177.5714285714287,84.80138169257341
STK32B,3535,3,1178.3333333333333,84.88773747841105
TNFRSF10D,3535,3,1178.3333333333333,84.88773747841105
HIPK2,15329,13,1179.1538461538462,85.06044905008635
SSH1,13034,11,1184.909090909091,85.146804835924
SSH2,9484,8,1185.5,85.23316062176166
BDNF,4766,4,1191.5,85.31951640759931
LEF1,3575,3,1191.6666666666667,85.40587219343696
ANKRD29,3597,3,1199,85.49222797927462
AKT1,8396,7,1199.4285714285713,85.57858376511226
PSEN1,6018,5,1203.6,85.66493955094991
B9D1,3617,3,1205.6666666666667,85.75129533678756
NEK6,3619,3,1206.3333333333333,85.83765112262522
FYN,3628,3,1209.3333333333333,85.92400690846287
WNT1,2422,2,1211,86.01036269430051
PKN2,6070,5,1214,86.09671848013816
EWSR1,7285,6,1214.1666666666667,86.18307426597582
PRKX,6102,5,1220.4,86.26943005181347
PRKCI,4887,4,1221.75,86.35578583765113
PABPC4,7336,6,1222.6666666666667,86.44214162348878
XIAP,8584,7,1226.2857142857142,86.52849740932642
STRADA,3685,3,1228.3333333333333,86.61485319516407
FZD4,7387,6,1231.1666666666667,86.70120898100173
EEF2K,7398,6,1233,86.78756476683938
ID1,1233,1,1233,86.78756476683938
OGG1,4977,4,1244.25,86.96027633851469
SOX2,2512,2,1256,87.04663212435233
EIF2AK2,10103,8,1262.875,87.13298791018998
PINK1,3821,3,1273.6666666666667,87.21934369602764
XPO1,8930,7,1275.7142857142858,87.30569948186529
PRKCA,8964,7,1280.5714285714287,87.39205526770294
CLUAP1,5126,4,1281.5,87.47841105354058
ELK4,10288,8,1286,87.56476683937824
IL6ST,9027,7,1289.5714285714287,87.65112262521589
P2RY14,2588,2,1294,87.73747841105354
BRIP1,11649,9,1294.3333333333333,87.8238341968912
SIX4,6491,5,1298.2,87.91018998272885
TGFBR1,6492,5,1298.4,87.99654576856649
E2F2,5196,4,1299,88.08290155440415
TLK2,6560,5,1312,88.16925734024178
RYK,5270,4,1317.5,88.25561312607945
STK17B,5273,4,1318.25,88.3419689119171
CAMK4,11942,9,1326.888888888889,88.42832469775475
PRSS23,5323,4,1330.75,88.5146804835924
PRKCB,8010,6,1335,88.60103626943005
FER,12044,9,1338.2222222222222,88.6873920552677
FARP1,13532,10,1353.2,88.77374784110536
BIRC5,2711,2,1355.5,88.86010362694302
KRAS,5430,4,1357.5,88.94645941278065
PDE4D,8160,6,1360,89.03281519861831
IPCEF1,6842,5,1368.4,89.11917098445595
RPS6KB1,5479,4,1369.75,89.2055267702936
RAD50,8272,6,1378.6666666666667,89.29188255613127
LRP2BP,5519,4,1379.75,89.37823834196891
RPS6KB2,5528,4,1382,89.46459412780656
TGFB1,2780,2,1390,89.55094991364422
HDAC2,9737,7,1391,89.63730569948186
IGF2,5580,4,1395,89.72366148531951
PDK1,14072,10,1407.2,89.81001727115718
WASF2,5681,4,1420.25,89.89637305699482
SFRP4,2868,2,1434,89.98272884283247
RSPO1,2879,2,1439.5,90.06908462867013
NRAS,4326,3,1442,90.15544041450777
TRAF3IP2,5833,4,1458.25,90.24179620034542
VHL,4414,3,1471.3333333333333,90.32815198618307
STMN1,2947,2,1473.5,90.41450777202073
CREB3L2,7441,5,1488.2,90.50086355785838
REEP5,3008,2,1504,90.58721934369602
NEK5,6051,4,1512.75,90.67357512953367
MAD2L1BP,1517,1,1517,90.75993091537133
SP1,7680,5,1536,90.84628670120898
DIABLO,3103,2,1551.5,90.93264248704664
MSH2,7893,5,1578.6,91.01899827288429
XPA,1584,1,1584,91.10535405872193
RAB23,4830,3,1610,91.19170984455958
UCK2,4838,3,1612.6666666666667,91.27806563039724
CSNK1G1,8085,5,1617,91.36442141623489
TOP1,8092,5,1618.4,91.45077720207254
MAP2K1,4868,3,1622.6666666666667,91.53713298791018
BCL2L1,3257,2,1628.5,91.62348877374784
CASP6,1634,1,1634,91.70984455958549
STK39,3272,2,1636,91.796200345423145
NEK10,8332,5,1666.4,91.8825561312608
E2F5,5042,3,1680.6666666666667,91.96891191709845
TRAM1,3394,2,1697,92.05526770293609
CCND2,6849,4,1712.25,92.14162348877375
AAK1,21157,12,1763.0833333333333,92.2279792746114
CXCL12,3532,2,1766,92.31433506044905
ACVR1C,8853,5,1770.6,92.40069084628671
FKBP1A,3564,2,1782,92.48704663212435
RAF1,7152,4,1788,92.573402417962
MAPK10,8941,5,1788.2,92.65975820379965
TAOK1,12643,7,1806.142857142857,92.74611398963731
TLR4,12677,7,1811,92.83246977547496
NTRK3,19984,11,1816.7272727272727,92.91882556131262
IGF1,7277,4,1819.25,93.00518134715026
TEC,3661,2,1830.5,93.09153713298791
CDKL5,14695,8,1836.875,93.17789291882556
CSNK2A2,7382,4,1845.5,93.26424870466322
HSPB8,1861,1,1861,93.35060449050087
SKP2,7461,4,1865.25,93.43696027633851
RBX1,1871,1,1871,93.52331606217616
REL,11255,6,1875.8333333333333,93.60967184801382
PMAIP1,1899,1,1899,93.69602763385146
FRK,13363,7,1909,93.78238341968913
KITLG,5737,3,1912.3333333333333,93.86873920552678
CRK,3850,2,1925,93.95509499136442
CDKN2B,3853,2,1926.5,94.04145077720207
EIF4B,3856,2,1928,94.12780656303973
GSK3B,7743,4,1935.75,94.21416234887737
BRAF,9807,5,1961.4,94.30051813471503
KSR2,17775,9,1975,94.38687392055267
WIF1,1977,1,1977,94.47322970639033
LIN28A,3975,2,1987.5,94.55958549222798
ARL6,3988,2,1994,94.64594127806562
CREB1,10095,5,2019,94.73229706390327
PAK2,6139,3,2046.3333333333333,94.81865284974094
LAMTOR3,4163,2,2081.5,94.90500863557858
GDNF,4171,2,2085.5,94.99136442141624
MGST1,2152,1,2152,95.07772020725389
OPRM1,15143,7,2163.285714285714,95.16407599309153
BAG2,6651,3,2217,95.25043177892918
SPC24,2290,1,2290,95.33678756476684
GUCY1A2,16150,7,2307.1428571428573,95.42314335060449
EREG,4615,2,2307.5,95.50949913644214
VRK1,11646,5,2329.2,95.59585492227978
PRKAA2,9355,4,2338.75,95.68221070811744
ACVR2B,11782,5,2356.4,95.76856649395509
SPRED1,7270,3,2423.3333333333335,95.85492227979275
EIF4E,2427,1,2427,95.9412780656304
EIF3J,2479,1,2479,96.02763385146805
MDM2,7490,3,2496.6666666666665,96.11398963730569
MAPRE1,2562,1,2562,96.20034542314335
CDK2,2598,1,2598,96.286701208981
MAD2L1,5227,2,2613.5,96.37305699481865
TRAF6,7885,3,2628.3333333333335,96.45941278065631
CASP3,2645,1,2645,96.54576856649395
STK32A,5333,2,2666.5,96.6321243523316
CAMK1D,8088,3,2696,96.71848013816926
CDKL1,5402,2,2701,96.80483592400691
CSNK1A1,5444,2,2722,96.89119170984456
MAPKAPK5,11083,4,2770.75,96.97754749568222
EGLN3,2849,1,2849,97.06390328151986
MAPK1,5881,2,2940.5,97.15025906735751
CTNNBIP1,3006,1,3006,97.23661485319516
CSNK2A1,12984,4,3246,97.32297063903282
NKX3-1,3278,1,3278,97.40932642487047
MAP2K6,13405,4,3351.25,97.49568221070811
PDPK1,7184,2,3592,97.58203799654576
NPM1,3605,1,3605,97.66839378238342
TTN,109224,30,3640.8,97.75474956822107
XRCC3,3668,1,3668,97.84110535405873
EVL,3704,1,3704,97.92746113989638
BCL2,7461,2,3730.5,98.01381692573402
BUB3,7703,2,3851.5,98.10017271157167
PLCXD3,7706,2,3853,98.18652849740933
CDK6,11663,3,3887.6666666666665,98.27288428324698
FAS,16484,4,4121,98.35924006908463
SGK3,4190,1,4190,98.44559585492227
UHMK1,8524,2,4262,98.53195164075993
CFL2,4306,1,4306,98.61830742659758
CDKN1B,4335,1,4335,98.70466321243524
PPP2R5C,4481,1,4481,98.79101899827289
MGMT,4678,1,4678,98.87737478411054
"NANOG",5182,1,5182,98.96373056994818
MXD1,5580,1,5580,99.05008635578584
SCN3B,6061,1,6061,99.13644214162349
RASA4B,6095,1,6095,99.22279792746113
CCBE1,6403,1,6403,99.3091537132988
RAET1E,6524,1,6524,99.39550949913645
ARPC5,7266,1,7266,99.48186528497409
CFLAR,14612,2,7306,99.56822107081175
PTPN11,7648,1,7648,99.65457685664938
SMAD2,34626,4,8656.5,99.74093264248705
RPS6KA5,26829,3,8943,99.8272884283247
CDC42,10598,1,10598,99.91364421416235
HIF1AN,12927,1,12927,100
